,backtrack,exact,diminish
0,"[[-5.00000000e-01  1.00000000e+00]
 [ 5.00000000e-01  5.00000000e-01]
 [ 1.75000000e+00  9.99999999e-01]
 [ 1.36718750e+00 -5.31250001e-01]
 [ 1.98197961e+00 -2.25401879e-01]
 [ 1.97595463e+00  1.10339761e-01]
 [ 2.02274562e+00 -5.05671431e-02]
 [ 1.99243556e+00 -1.14527390e-02]
 [ 2.00176151e+00 -2.94927889e-03]
 [ 1.99955178e+00 -7.32115844e-04]
 [ 2.00011156e+00 -1.83356978e-04]
 [ 1.99997208e+00 -4.58187859e-05]
 [ 2.00000698e+00 -1.14559788e-05]
 [ 1.99999826e+00 -2.86391289e-06]]","[[-0.5         1.        ]
 [-0.26579906  0.88289953]
 [-0.20899026  0.99651704]
 [-0.14413025  0.9640869 ]
 [-0.12697147  0.99840436]
 [-0.09669457  0.9832659 ]
 [-0.08875003  0.99915497]
 [-0.07164037  0.99060013]
 [-0.06719278  0.99949529]
 [-0.05637503  0.9940864 ]
 [-0.05358267  0.99967108]
 [-0.04620502  0.99598222]
 [-0.04431041  0.99977141]
 [-0.03899542  0.9971139 ]
 [-0.03763576  0.99983322]
 [-0.03364455  0.99783759]
 [-0.03262653  0.99987361]
 [-0.02953042  0.99832552]
 [-0.02874252  0.99990128]
 [-0.02627723  0.99866861]
 [-0.02565103  0.99992098]
 [-0.02365146  0.99892117]
 [-0.02314156  0.99993635]
 [-0.02151607  0.99911992]
 [-0.02108834  0.99995116]
 [-0.01974034  0.99925751]
 [-0.01937956  0.99995863]
 [-0.01824151  0.99937301]
 [-0.01793027  0.99996684]
 [-0.01695803  0.99945725]
 [-0.01668865  0.9999712 ]
 [-0.01584575  0.99952938]
 [-0.01560896  0.99997589]
 [-0.01487194  0.99958505]
 [-0.01466309  0.99997872]
 [-0.01401302  0.99963383]
 [-0.01382654  0.99998182]
 [-0.01324903  0.99967235]
 [-0.01308218  0.99998371]
 [-0.01256513  0.9997066 ]
 [-0.01241442  0.99998577]
 [-0.01194899  0.99973448]
 [-0.0118126   0.9999871 ]
 [-0.0113913   0.99975962]
 [-0.01126689  0.99998858]
 [-0.01088378  0.99978042]
 [-0.01077015  0.99998956]
 [-0.01042011  0.99979933]
 [-0.01031564  0.99999063]
 [-0.00999462  0.9998153 ]
 [-0.00989846  0.99999137]
 [-0.00960293  0.99982994]
 [-0.00951394  0.99999218]
 [-0.00924097  0.99984244]
 [-0.00915852  0.99999275]
 [-0.00890562  0.999854  ]
 [-0.00882888  0.99999337]
 [-0.00859391  0.99986399]
 [-0.00852243  0.99999382]
 [-0.00830351  0.99987328]
 [-0.00823665  0.99999432]
 [-0.00803224  0.99988139]
 [-0.00796966  0.99999467]
 [-0.00777827  0.99988895]
 [-0.00771949  0.99999507]
 [-0.00753997  0.99989562]
 [-0.00748472  0.99999537]
 [-0.00731596  0.99990186]
 [-0.00726387  0.99999568]
 [-0.00710495  0.99990743]
 [-0.00705581  0.99999592]
 [-0.00690587  0.99991266]
 [-0.00685939  0.99999619]
 [-0.00671772  0.99991734]
 [-0.00667373  0.99999639]
 [-0.00653962  0.99992176]
 [-0.00649787  0.99999661]
 [-0.00637075  0.99992573]
 [-0.00633113  0.99999678]
 [-0.00621045  0.99992949]
 [-0.00617276  0.99999697]
 [-0.00605806  0.9999329 ]
 [-0.00602219  0.99999711]
 [-0.00591302  0.99993613]
 [-0.00587882  0.99999727]
 [-0.0057748   0.99993908]
 [-0.00574217  0.99999739]
 [-0.00564293  0.99994187]
 [-0.00561175  0.99999753]
 [-0.00551702  0.99994444]
 [-0.0054872   0.99999764]
 [-0.0053966   0.99994685]
 [-0.00536806  0.99999774]
 [-0.00528136  0.99994914]
 [-0.005254    0.99999786]
 [-0.00517102  0.99995125]
 [-0.00514479  0.99999795]
 [-0.00506517  0.99995322]
 [-0.00504     0.99999803]
 [-0.00496358  0.9999551 ]
 [-0.00493939  0.99999812]
 [-0.004866    0.99995686]
 [-0.00484275  0.9999982 ]
 [-0.0047722   0.99995851]
 [-0.00474983  0.99999827]
 [-0.00468197  0.99996007]
 [-0.00466043  0.99999834]
 [-0.0045951   0.99996155]
 [-0.00457435  0.9999984 ]
 [-0.00451142  0.99996294]
 [-0.00449141  0.99999846]
 [-0.00443074  0.99996427]
 [-0.00441142  0.99999852]
 [-0.0043529   0.99996552]
 [-0.00433426  0.99999857]
 [-0.00427777  0.99996671]
 [-0.00425976  0.99999862]
 [-0.00420519  0.99996784]
 [-0.00418778  0.99999868]
 [-0.00413507  0.9999689 ]
 [-0.00411823  0.99999872]
 [-0.00406723  0.99996993]
 [-0.00405094  0.99999877]
 [-0.00400163  0.9999709 ]
 [-0.00398585  0.99999881]
 [-0.00393813  0.99997182]
 [-0.00392284  0.99999885]
 [-0.0038766   0.99997269]
 [-0.00386179  0.99999888]
 [-0.00381695  0.99997353]
 [-0.00380259  0.99999892]
 [-0.00375912  0.99997433]
 [-0.00374518  0.99999896]
 [-0.00370304  0.9999751 ]
 [-0.00368951  0.99999899]
 [-0.00364866  0.99997584]
 [-0.00363552  0.99999902]
 [-0.00359586  0.99997654]
 [-0.0035831   0.99999905]
 [-0.00354457  0.9999772 ]
 [-0.00353216  0.99999908]
 [-0.00349475  0.99997785]
 [-0.00348269  0.9999991 ]
 [-0.00344627  0.99997845]
 [-0.00343454  0.99999913]
 [-0.00339914  0.99997904]
 [-0.00338772  0.99999916]
 [-0.00335331  0.99997961]
 [-0.00334219  0.99999919]
 [-0.00330873  0.99998016]
 [-0.0032979   0.99999921]
 [-0.00326533  0.99998068]
 [-0.00325478  0.99999924]
 [-0.0032231   0.9999812 ]
 [-0.00321282  0.99999926]
 [-0.00318195  0.99998167]
 [-0.00317193  0.99999927]
 [-0.00314182  0.99998213]
 [-0.00313205  0.99999929]
 [-0.00310271  0.99998258]
 [-0.00309317  0.99999932]
 [-0.00306461  0.99998302]
 [-0.00305531  0.99999934]
 [-0.00302747  0.99998344]
 [-0.00301838  0.99999935]
 [-0.0029912   0.99998383]
 [-0.00298233  0.99999937]
 [-0.00295582  0.99998422]
 [-0.00294715  0.99999939]
 [-0.00292127  0.99998459]
 [-0.0029128   0.9999994 ]
 [-0.00288753  0.99998495]
 [-0.00287926  0.99999942]
 [-0.00285458  0.9999853 ]
 [-0.0028465   0.99999943]
 [-0.00282236  0.99998562]
 [-0.00281446  0.99999944]
 [-0.00279084  0.99998593]
 [-0.00278311  0.99999945]
 [-0.00275995  0.99998623]
 [-0.0027524   0.99999946]
 [-0.00272972  0.99998652]
 [-0.00272234  0.99999947]
 [-0.00270014  0.99998681]
 [-0.00269291  0.99999948]
 [-0.00267122  0.9999871 ]
 [-0.00266414  0.99999949]
 [-0.00264289  0.99998737]
 [-0.00263596  0.9999995 ]
 [-0.00261514  0.99998762]
 [-0.00260836  0.99999951]
 [-0.00258796  0.99998788]
 [-0.00258132  0.99999952]
 [-0.00256137  0.99998813]
 [-0.00255486  0.99999953]
 [-0.0025353   0.99998837]
 [-0.00252893  0.99999955]
 [-0.00250981  0.99998862]
 [-0.00250356  0.99999956]
 [-0.00248484  0.99998885]
 [-0.00247871  0.99999957]
 [-0.0024604   0.99998908]
 [-0.00245438  0.99999958]
 [-0.00243645  0.9999893 ]
 [-0.00243055  0.9999996 ]
 [-0.00241301  0.99998952]
 [-0.00240722  0.9999996 ]
 [-0.00239002  0.99998972]
 [-0.00238433  0.99999962]
 [-0.00236749  0.99998992]
 [-0.0023619   0.99999962]
 [-0.0023454   0.99999011]
 [-0.00233991  0.99999963]
 [-0.00232372  0.9999903 ]
 [-0.00231834  0.99999964]
 [-0.00230244  0.99999047]
 [-0.00229716  0.99999965]
 [-0.00228156  0.99999065]
 [-0.00227637  0.99999965]
 [-0.00226106  0.99999082]
 [-0.00225596  0.99999967]
 [-0.00224098  0.999991  ]
 [-0.00223596  0.99999967]
 [-0.00222123  0.99999115]
 [-0.00221631  0.99999968]
 [-0.00220185  0.99999131]
 [-0.00219701  0.99999968]
 [-0.00218276  0.99999145]
 [-0.00217801  0.99999969]
 [-0.002164    0.9999916 ]
 [-0.00215933  0.99999969]
 [-0.00214559  0.99999175]
 [-0.00214099  0.9999997 ]
 [-0.00212751  0.99999189]
 [-0.00212298  0.99999971]
 [-0.00210978  0.99999204]
 [-0.00210532  0.99999972]
 [-0.00209238  0.99999219]
 [-0.00208799  0.99999973]
 [-0.00207527  0.99999232]
 [-0.00207096  0.99999973]
 [-0.00205845  0.99999245]
 [-0.0020542   0.99999974]
 [-0.00204195  0.99999258]
 [-0.00203776  0.99999975]
 [-0.00202575  0.99999271]
 [-0.00202162  0.99999975]
 [-0.00200978  0.99999282]
 [-0.00200572  0.99999976]
 [-0.00199408  0.99999294]
 [-0.00199009  0.99999976]
 [-0.00197861  0.99999304]
 [-0.00197467  0.99999977]
 [-0.0019634   0.99999316]
 [-0.00195952  0.99999977]
 [-0.00194845  0.99999327]
 [-0.00194462  0.99999978]
 [-0.00193371  0.99999337]
 [-0.00192995  0.99999977]
 [-0.00191915  0.99999345]
 [-0.00191545  0.99999977]
 [-0.00190478  0.99999354]
 [-0.00190114  0.99999978]
 [-0.00189061  0.99999363]
 [-0.00188702  0.99999978]
 [-0.00187666  0.99999373]
 [-0.00187312  0.99999979]
 [-0.00186294  0.99999383]
 [-0.00185945  0.99999979]
 [-0.00184945  0.99999393]
 [-0.00184601  0.99999979]
 [-0.00183612  0.999994  ]
 [-0.00183273  0.9999998 ]
 [-0.00182301  0.9999941 ]
 [-0.00181967  0.9999998 ]
 [-0.00181008  0.99999418]
 [-0.00180679  0.9999998 ]
 [-0.00179732  0.99999426]
 [-0.00179407  0.99999981]
 [-0.00178474  0.99999434]
 [-0.00178153  0.99999981]
 [-0.00177235  0.99999442]
 [-0.00176919  0.99999982]
 [-0.00176017  0.99999451]
 [-0.00175705  0.99999982]
 [-0.00174818  0.99999459]
 [-0.00174509  0.99999982]
 [-0.00173633  0.99999466]
 [-0.00173329  0.99999983]
 [-0.00172465  0.99999474]
 [-0.00172165  0.99999983]
 [-0.00171316  0.99999481]
 [-0.00171019  0.99999984]
 [-0.00170183  0.99999489]
 [-0.0016989   0.99999984]
 [-0.0016907   0.99999497]]","[[-5.00000000e-01  1.00000000e+00]
 [ 7.73502692e-02  7.11324865e-01]
 [ 1.24074417e-01  1.05847549e+00]
 [ 1.29661679e-01  9.29942955e-01]
 [ 1.62786443e-01  1.01983892e+00]
 [ 1.84642094e-01  9.68517739e-01]
 [ 2.24443015e-01  9.87611700e-01]
 [ 2.70964513e-01  9.70656687e-01]
 [ 3.37945755e-01  9.61082241e-01]
 [ 4.33529344e-01  9.39125007e-01]
 [ 5.78800101e-01  9.01223060e-01]
 [ 8.10280759e-01  8.27630234e-01]
 [ 1.18877604e+00  6.76543267e-01]
 [ 1.74879835e+00  3.72281159e-01]
 [ 2.12156224e+00 -3.66490179e-02]
 [ 1.79222053e+00  2.56139522e-02]
 [ 2.19405350e+00 -1.10349345e-03]
 [ 1.66775866e+00  8.27536746e-04]
 [ 2.20492945e+00  1.68258850e-04]
 [ 1.67150197e+00 -1.15322953e-04]
 [ 2.17991718e+00 -2.71090145e-05]
 [ 1.74158830e+00  1.53086898e-05]
 [ 2.15343719e+00  2.60214196e-06]
 [ 1.80274052e+00 -1.18375852e-06]
 [ 2.12392861e+00 -1.39120818e-07]
 [ 1.85809394e+00  4.88893803e-08]
 [ 2.09310088e+00  3.56989532e-09]
 [ 1.90543109e+00 -9.12093513e-10]
 [ 2.06370303e+00 -3.64378733e-11]
 [ 1.94263649e+00  3.44251500e-12]
 [ 2.03887328e+00 -4.82716145e-13]
 [ 1.96881565e+00 -4.82716145e-13]
 [ 2.02080579e+00  3.32531741e-12]
 [ 1.98497601e+00 -4.27921439e-13]
 [ 2.00967854e+00 -4.27921439e-13]
 [ 1.99362822e+00 -4.27921439e-13]
 [ 2.00390542e+00 -4.27921439e-13]
 [ 1.99762974e+00 -4.27921439e-13]
 [ 2.00136946e+00 -4.27921439e-13]
 [ 1.99922809e+00 -4.27921439e-13]
 [ 2.00041835e+00 -4.27921439e-13]
 [ 1.99978013e+00 -4.27921439e-13]
 [ 2.00011153e+00 -4.27921439e-13]
 [ 1.99994525e+00 -4.27921439e-13]
 [ 2.00002597e+00 -4.27921439e-13]
 [ 1.99998809e+00 -4.27921439e-13]
 [ 2.00000528e+00 -4.27921439e-13]
 [ 1.99999774e+00 -4.27921439e-13]]"
1,"[[-0.5         0.5       ]
 [-0.25        1.        ]
 [-0.140625    0.9375    ]
 [-0.12520981  1.03248596]
 [-0.10833657  0.99030645]
 [-0.07476338  1.00527259]
 [-0.06517067  0.98902483]
 [-0.05994572  1.00641453]
 [-0.05675714  0.99812988]
 [-0.04715152  0.9991587 ]
 [-0.04043067  0.99807688]
 [-0.03806798  1.00028054]
 [-0.03581769  0.99826965]
 [-0.03397123  1.00044069]
 [-0.03217101  0.99840418]
 [-0.03068785  1.00055487]
 [-0.02921227  0.99850194]
 [-0.02799476  1.00063925]
 [-0.02676146  0.99857532]
 [-0.02574423  1.00070344]
 [-0.02469679  0.99863184]
 [-0.02383436  1.00075345]
 [-0.02293278  0.99867634]
 [-0.02219252  1.00079319]
 [-0.0214076   0.99871203]
 [-0.02108654  0.99976867]
 [-0.01975337  0.9998046 ]
 [-0.01858281  0.99980572]
 [-0.01754845  0.99989211]
 [-0.01662137  0.99970776]
 [-0.0158028   1.00032384]
 [-0.01541403  0.99942603]
 [-0.01507167  1.00033552]
 [-0.01471739  0.99943691]
 [-0.01440587  1.00034566]
 [-0.01408163  0.99944638]
 [-0.01393931  0.99990045]
 [-0.01335653  0.99991002]
 [-0.01282138  0.99991312]
 [-0.01232846  0.99993185]
 [-0.0118721   0.99990047]
 [-0.01145064  1.00001668]
 [-0.01105352  0.99968773]
 [-0.0108758   1.00018984]
 [-0.01069296  0.99969175]
 [-0.01052682  1.00019366]
 [-0.01044109  0.99994453]
 [-0.01011408  0.99994838]
 [-0.00980721  0.99995026]
 [-0.00951873  0.99995686]
 [-0.00924683  0.9999482 ]
 [-0.00899065  0.99998439]
 [-0.00874727  0.99988517]
 [-0.00863383  1.00003828]
 [-0.00852071  0.99988717]
 [-0.00841311  1.0000402 ]
 [-0.00830567  0.99988901]
 [-0.00820347  1.00004198]
 [-0.00810128  0.99989072]
 [-0.00800407  1.00004362]
 [-0.00790676  0.99989231]
 [-0.0078142   1.00004515]
 [-0.00772142  0.99989378]
 [-0.00763317  1.00004657]
 [-0.00754462  0.99989515]
 [-0.00746039  1.0000479 ]
 [-0.00737577  0.99989643]
 [-0.0072953   1.00004914]
 [-0.00721436  0.99989763]
 [-0.00713739  1.0000503 ]
 [-0.00705989  0.99989875]
 [-0.00698621  1.00005138]
 [-0.00691194  0.9998998 ]
 [-0.00684133  1.0000524 ]
 [-0.00677009  0.99990079]
 [-0.00670237  1.00005335]
 [-0.00663397  0.99990171]
 [-0.00656897  1.00005425]
 [-0.00650325  0.99990259]
 [-0.0064408   1.0000551 ]
 [-0.0063776   0.99990341]
 [-0.00631756  1.00005589]
 [-0.00625673  0.99990418]
 [-0.00619897  1.00005665]
 [-0.00614038  0.99990491]
 [-0.00608476  1.00005736]
 [-0.0060283   0.99990561]
 [-0.00597471  1.00005803]
 [-0.00592026  0.99990626]
 [-0.00586859  1.00005867]
 [-0.00581604  0.99990688]
 [-0.00579111  0.99998308]
 [-0.0056905   0.9999837 ]
 [-0.00559336  0.99998414]
 [-0.00549951  0.99998501]
 [-0.00540877  0.99998447]
 [-0.00532103  0.99998808]
 [-0.00523604  0.99997913]
 [-0.00515394  1.00000778]
 [-0.00511388  0.99996565]
 [-0.00507487  1.00000819]
 [-0.00503602  0.99996605]
 [-0.00499819  1.00000858]
 [-0.00496051  0.99996644]
 [-0.00492381  1.00000896]
 [-0.00488724  0.9999668 ]
 [-0.00485162  1.00000931]
 [-0.00481611  0.99996715]
 [-0.00478152  1.00000965]
 [-0.00474702  0.99996748]
 [-0.00471342  1.00000998]
 [-0.0046799   0.9999678 ]
 [-0.00464725  1.00001029]
 [-0.00461465  0.99996811]
 [-0.00458291  1.00001059]
 [-0.00455121  0.9999684 ]
 [-0.00452033  1.00001088]
 [-0.00448949  0.99996868]
 [-0.00445945  1.00001116]
 [-0.00442943  0.99996896]
 [-0.00440019  1.00001142]
 [-0.00437096  0.99996922]
 [-0.00434249  1.00001168]
 [-0.00431402  0.99996947]
 [-0.00428629  1.00001192]
 [-0.00425855  0.99996971]
 [-0.00423153  1.00001216]
 [-0.00420449  0.99996994]
 [-0.00417815  1.00001238]
 [-0.00415179  0.99997016]
 [-0.00412611  1.0000126 ]
 [-0.0041004   0.99997037]
 [-0.00407535  1.00001281]
 [-0.00405027  0.99997058]
 [-0.00402583  1.00001301]
 [-0.00400135  0.99997078]
 [-0.0039775   1.00001321]
 [-0.0039536   0.99997097]
 [-0.00393033  1.0000134 ]
 [-0.00390699  0.99997115]
 [-0.00388426  1.00001358]
 [-0.00386146  0.99997133]
 [-0.00383926  1.00001375]
 [-0.00381699  0.9999715 ]
 [-0.00379529  1.00001392]
 [-0.00377353  0.99997167]
 [-0.00375233  1.00001409]
 [-0.00373105  0.99997183]
 [-0.00371033  1.00001425]
 [-0.00368952  0.99997199]
 [-0.00366926  1.0000144 ]
 [-0.00364891  0.99997214]
 [-0.00362909  1.00001455]
 [-0.00360918  0.99997228]
 [-0.0035898   1.00001469]
 [-0.00357031  0.99997242]
 [-0.00355134  1.00001483]
 [-0.00353228  0.99997256]
 [-0.00351371  1.00001496]
 [-0.00349504  0.99997269]
 [-0.00347687  1.00001509]
 [-0.00345859  0.99997282]
 [-0.00344079  1.00001522]
 [-0.00342289  0.99997294]
 [-0.00340546  1.00001534]
 [-0.00338792  0.99997306]
 [-0.00337085  1.00001546]
 [-0.00335366  0.99997318]
 [-0.00333693  1.00001557]
 [-0.00332009  0.99997329]
 [-0.00330369  1.00001568]
 [-0.00328718  0.9999734 ]
 [-0.00327111  1.00001579]
 [-0.00325492  0.99997351]
 [-0.00323917  1.0000159 ]
 [-0.00322329  0.99997361]
 [-0.00320785  1.000016  ]
 [-0.00319228  0.99997371]
 [-0.00317713  1.0000161 ]
 [-0.00316185  0.99997381]
 [-0.00314699  1.00001619]
 [-0.003132    0.9999739 ]
 [-0.00311742  1.00001629]
 [-0.00310271  0.999974  ]
 [-0.0030884   1.00001638]
 [-0.00307396  0.99997408]
 [-0.00305992  1.00001646]
 [-0.00305283  0.99999532]
 [-0.00302487  0.99999541]
 [-0.00299742  0.99999548]
 [-0.00297047  0.99999559]
 [-0.002944    0.99999559]
 [-0.002918    0.99999591]
 [-0.00289245  0.99999525]
 [-0.00286736  0.99999751]
 [-0.00284267  0.99999104]
 [-0.00281849  1.00001072]
 [-0.00280649  0.99998134]
 [-0.00279476  1.00001078]
 [-0.00278296  0.99998141]
 [-0.00277142  1.00001085]
 [-0.00275982  0.99998147]
 [-0.00274848  1.00001091]
 [-0.00273707  0.99998153]
 [-0.00272591  1.00001097]
 [-0.00271468  0.99998159]
 [-0.00270371  1.00001104]
 [-0.00269266  0.99998165]
 [-0.00268187  1.00001109]
 [-0.002671    0.99998171]
 [-0.00266038  1.00001115]
 [-0.00264968  0.99998177]
 [-0.00263923  1.00001121]
 [-0.0026287   0.99998183]
 [-0.00261842  1.00001126]
 [-0.00260805  0.99998188]
 [-0.00259793  1.00001132]
 [-0.00258773  0.99998193]
 [-0.00257776  1.00001137]
 [-0.00256772  0.99998198]
 [-0.0025579   1.00001142]
 [-0.00255296  0.99999673]
 [-0.00253341  0.99999678]
 [-0.00251415  0.99999682]
 [-0.00249519  0.99999689]
 [-0.00247651  0.99999689]
 [-0.00245811  0.99999706]
 [-0.00243998  0.99999675]
 [-0.00242213  0.99999785]
 [-0.00240452  0.99999472]
 [-0.0023872   1.00000428]
 [-0.00237861  0.99999002]
 [-0.00237016  1.00000432]
 [-0.0023617   0.99999006]
 [-0.00235337  1.00000436]
 [-0.00234503  0.9999901 ]
 [-0.00233681  1.0000044 ]
 [-0.00232859  0.99999014]
 [-0.00232049  1.00000444]
 [-0.00231238  0.99999018]
 [-0.00230439  1.00000448]
 [-0.00229639  0.99999021]
 [-0.00228851  1.00000451]
 [-0.00228062  0.99999025]
 [-0.00227286  1.00000455]
 [-0.00226507  0.99999028]
 [-0.00225741  1.00000458]
 [-0.00224973  0.99999032]
 [-0.00224217  1.00000462]
 [-0.0022346   0.99999035]
 [-0.00222714  1.00000465]
 [-0.00221967  0.99999039]
 [-0.00221231  1.00000469]
 [-0.00220494  0.99999042]
 [-0.00219768  1.00000472]
 [-0.0021904   0.99999045]
 [-0.00218324  1.00000475]
 [-0.00217606  0.99999048]
 [-0.00216898  1.00000478]
 [-0.0021619   0.99999051]
 [-0.00215492  1.00000481]
 [-0.00214792  0.99999054]
 [-0.00214103  1.00000484]
 [-0.00213412  0.99999057]
 [-0.00212732  1.00000487]
 [-0.0021205   0.9999906 ]
 [-0.00211379  1.0000049 ]
 [-0.00210706  0.99999063]
 [-0.00210043  1.00000493]
 [-0.00209378  0.99999066]
 [-0.00208723  1.00000496]
 [-0.00208067  0.99999069]
 [-0.0020742   1.00000498]
 [-0.00206772  0.99999071]
 [-0.00206134  1.00000501]
 [-0.00205493  0.99999074]
 [-0.00204863  1.00000504]
 [-0.00204231  0.99999077]
 [-0.00203608  1.00000506]
 [-0.00202983  0.99999079]
 [-0.00202368  1.00000509]
 [-0.00201751  0.99999082]
 [-0.00201143  1.00000511]
 [-0.00200533  0.99999084]
 [-0.00199933  1.00000514]
 [-0.00199331  0.99999087]
 [-0.00198737  1.00000516]
 [-0.00198142  0.99999089]
 [-0.00197556  1.00000518]
 [-0.00196968  0.99999091]
 [-0.00196389  1.00000521]
 [-0.00195807  0.99999094]
 [-0.00195235  1.00000523]
 [-0.0019466   0.99999096]
 [-0.00194095  1.00000525]
 [-0.00193527  0.99999098]
 [-0.00192968  1.00000527]
 [-0.00192407  0.999991  ]
 [-0.00191854  1.0000053 ]
 [-0.00191299  0.99999102]
 [-0.00190753  1.00000532]
 [-0.00190204  0.99999104]
 [-0.00189665  1.00000534]
 [-0.00189122  0.99999106]
 [-0.00188588  1.00000536]
 [-0.00188052  0.99999109]
 [-0.00187524  1.00000538]
 [-0.00186994  0.99999111]
 [-0.00186472  1.0000054 ]
 [-0.00185948  0.99999112]
 [-0.00185432  1.00000542]
 [-0.00184914  0.99999114]
 [-0.00184404  1.00000544]
 [-0.00183891  0.99999116]
 [-0.00183386  1.00000546]
 [-0.00182879  0.99999118]
 [-0.0018238   1.00000547]
 [-0.00181878  0.9999912 ]
 [-0.00181385  1.00000549]
 [-0.00180889  0.99999122]
 [-0.00180401  1.00000551]
 [-0.0017991   0.99999124]
 [-0.00179427  1.00000553]
 [-0.00178941  0.99999125]
 [-0.00178464  1.00000554]
 [-0.00177983  0.99999127]]","[[-0.5         0.5       ]
 [-0.25219036  0.99561928]
 [-0.16640567  0.95272683]
 [-0.14375261  0.99803287]
 [-0.10702973  0.97967134]
 [-0.09736517  0.99900038]
 [-0.0774928   0.98906415]
 [-0.07231437  0.99942096]
 [-0.06008901  0.99330825]
 [-0.05692766  0.99963092]
 [-0.04874749  0.99554082]
 [-0.04664404  0.99974772]
 [-0.0408334   0.99684237]
 [-0.03934544  0.99981824]
 [-0.03502895  0.99765996]
 [-0.0339271   0.99986363]
 [-0.03060715  0.99820362]
 [-0.02976178  0.99989434]
 [-0.02713655  0.99858169]
 [-0.02646939  0.99991598]
 [-0.02434606  0.99885427]
 [-0.02380731  0.99993174]
 [-0.02208646  0.99907125]
 [-0.0216367   0.99994806]
 [-0.02021722  0.99921993]
 [-0.01983956  0.99995619]
 [-0.01864659  0.99934424]
 [-0.01832183  0.99996512]
 [-0.01730666  0.99943412]
 [-0.01702647  0.99996981]
 [-0.01614895  0.99951079]
 [-0.0159033   0.99997482]
 [-0.01513811  0.99956973]
 [-0.01492194  0.99997784]
 [-0.01424863  0.99962117]
 [-0.014056    0.99998112]
 [-0.01345906  0.99966165]
 [-0.01328703  0.9999831 ]
 [-0.0127536   0.99969762]
 [-0.01259843  0.99998529]
 [-0.01211915  0.99972675]
 [-0.01197894  0.99998669]
 [-0.01154565  0.99975295]
 [-0.01141792  0.99998823]
 [-0.01102443  0.99977461]
 [-0.0109079   0.99998925]
 [-0.01054883  0.9997943 ]
 [-0.01044181  0.99999037]
 [-0.01011287  0.99981084]
 [-0.01001447  0.99999113]
 [-0.00971195  0.99982603]
 [-0.00962095  0.99999199]
 [-0.00934189  0.99983896]
 [-0.00925766  0.99999258]
 [-0.00899923  0.99985086]
 [-0.00892091  0.99999321]
 [-0.00868099  0.9998612 ]
 [-0.00860807  0.99999368]
 [-0.00838472  0.99987075]
 [-0.00831656  0.99999419]
 [-0.00810813  0.9998791 ]
 [-0.00804438  0.99999456]
 [-0.00784938  0.99988689]
 [-0.00778953  0.99999497]
 [-0.00760674  0.99989375]
 [-0.00755052  0.99999527]
 [-0.00737877  0.99990016]
 [-0.0073258   0.9999956 ]
 [-0.00716414  0.99990588]
 [-0.00711418  0.99999586]
 [-0.00696175  0.9999112 ]
 [-0.00691452  0.99999612]
 [-0.00677054  0.99991603]
 [-0.00672585  0.99999634]
 [-0.00658963  0.99992051]
 [-0.00654727  0.99999654]
 [-0.0064182   0.99992463]
 [-0.00637798  0.99999674]
 [-0.00625551  0.99992843]
 [-0.00621729  0.99999691]
 [-0.00610092  0.99993196]
 [-0.00606454  0.99999708]
 [-0.00595383  0.99993521]
 [-0.00591916  0.99999722]
 [-0.0058137   0.99993826]
 [-0.00578063  0.99999736]
 [-0.00568006  0.99994108]
 [-0.00564848  0.99999749]
 [-0.00555246  0.99994372]
 [-0.00552226  0.99999761]
 [-0.00543049  0.99994618]
 [-0.0054016   0.99999772]
 [-0.0053138   0.99994849]
 [-0.00528612  0.99999782]
 [-0.00520204  0.99995064]
 [-0.0051755   0.99999792]
 [-0.00509491  0.99995267]
 [-0.00506944  0.99999801]
 [-0.00499213  0.99995458]
 [-0.00496767  0.99999809]
 [-0.00489343  0.99995637]
 [-0.00486991  0.99999818]
 [-0.00479863  0.99995806]
 [-0.00477601  0.99999825]
 [-0.0047074   0.99995963]
 [-0.00468563  0.99999832]
 [-0.00461959  0.99996114]
 [-0.00459861  0.99999838]
 [-0.00453501  0.99996255]
 [-0.00451479  0.99999845]
 [-0.00445348  0.9999639 ]
 [-0.00443398  0.99999851]
 [-0.00437487  0.99996517]
 [-0.00435604  0.99999856]
 [-0.00429898  0.99996638]
 [-0.00428079  0.99999861]
 [-0.00422568  0.99996752]
 [-0.0042081   0.99999866]
 [-0.00415485  0.9999686 ]
 [-0.00413786  0.99999871]
 [-0.00408638  0.99996964]
 [-0.00406993  0.99999875]
 [-0.00402012  0.99997061]
 [-0.00400421  0.99999879]
 [-0.003956    0.99997156]
 [-0.00394057  0.99999883]
 [-0.00389389  0.99997244]
 [-0.00387895  0.99999888]
 [-0.00383373  0.99997329]
 [-0.00381924  0.99999892]
 [-0.00377544  0.99997411]
 [-0.00376139  0.99999895]
 [-0.00371888  0.99997488]
 [-0.00370524  0.99999897]
 [-0.00366397  0.99997562]
 [-0.00365072  0.999999  ]
 [-0.00361066  0.99997633]
 [-0.0035978   0.99999904]
 [-0.00355889  0.999977  ]
 [-0.00354639  0.99999907]
 [-0.00350863  0.99997766]
 [-0.00349648  0.9999991 ]
 [-0.00345979  0.99997828]
 [-0.00344797  0.99999913]
 [-0.00341232  0.99997889]
 [-0.00340081  0.99999915]
 [-0.00336612  0.99997945]
 [-0.00335492  0.99999918]
 [-0.00332117  0.99998   ]
 [-0.00331027  0.9999992 ]
 [-0.00327743  0.99998053]
 [-0.00326681  0.99999922]
 [-0.00323483  0.99998104]
 [-0.00322448  0.99999924]
 [-0.00319332  0.99998152]
 [-0.00318323  0.99999927]
 [-0.00315287  0.999982  ]
 [-0.00314304  0.99999928]
 [-0.00311344  0.99998244]
 [-0.00310385  0.9999993 ]
 [-0.00307495  0.99998287]
 [-0.0030656   0.99999932]
 [-0.00303743  0.99998329]
 [-0.0030283   0.99999933]
 [-0.0030008   0.99998369]
 [-0.00299189  0.99999935]
 [-0.00296505  0.99998408]
 [-0.00295635  0.99999937]
 [-0.00293019  0.99998446]
 [-0.00292169  0.99999938]
 [-0.00289611  0.99998482]
 [-0.00288781  0.9999994 ]
 [-0.00286286  0.99998517]
 [-0.00285474  0.99999942]
 [-0.0028304   0.99998552]
 [-0.00282246  0.99999944]
 [-0.00279872  0.99998586]
 [-0.00279095  0.99999945]
 [-0.00276775  0.99998618]
 [-0.00276015  0.99999946]
 [-0.00273744  0.99998647]
 [-0.00273     0.99999948]
 [-0.00270783  0.99998678]
 [-0.00270054  0.9999995 ]
 [-0.00267891  0.99998708]
 [-0.00267177  0.99999951]
 [-0.00265064  0.99998736]
 [-0.00264365  0.99999953]
 [-0.00262297  0.99998763]
 [-0.00261612  0.99999954]
 [-0.00259591  0.99998789]
 [-0.00258919  0.99999955]
 [-0.00256939  0.99998814]
 [-0.00256281  0.99999956]
 [-0.00254345  0.99998839]
 [-0.002537    0.99999957]
 [-0.00251803  0.99998862]
 [-0.00251171  0.99999959]
 [-0.00249316  0.99998886]
 [-0.00248696  0.9999996 ]
 [-0.0024688   0.99998909]
 [-0.00246271  0.99999961]
 [-0.00244495  0.99998931]
 [-0.00243898  0.99999962]
 [-0.00242154  0.99998951]
 [-0.00241568  0.99999962]
 [-0.00239859  0.99998971]
 [-0.00239284  0.99999964]
 [-0.0023761   0.99998991]
 [-0.00237045  0.99999964]
 [-0.00235404  0.9999901 ]
 [-0.00234849  0.99999965]
 [-0.00233241  0.9999903 ]
 [-0.00232696  0.99999966]
 [-0.00231117  0.99999047]
 [-0.00230582  0.99999967]
 [-0.00229034  0.99999065]
 [-0.00228508  0.99999968]
 [-0.00226992  0.99999083]
 [-0.00226475  0.99999969]
 [-0.00224988  0.999991  ]
 [-0.0022448   0.99999969]
 [-0.00223018  0.99999115]
 [-0.00222519  0.9999997 ]
 [-0.00221083  0.99999131]
 [-0.00220592  0.9999997 ]
 [-0.00219182  0.99999146]
 [-0.002187    0.99999971]
 [-0.00217314  0.99999161]
 [-0.00216839  0.99999972]
 [-0.00215483  0.99999176]
 [-0.00215016  0.99999973]
 [-0.00213682  0.9999919 ]
 [-0.00213223  0.99999973]
 [-0.00211913  0.99999204]
 [-0.00211461  0.99999974]
 [-0.00210174  0.99999218]
 [-0.00209729  0.99999975]
 [-0.00208467  0.99999231]
 [-0.00208029  0.99999975]
 [-0.00206789  0.99999244]
 [-0.00206358  0.99999975]
 [-0.00205132  0.99999255]
 [-0.00204708  0.99999976]
 [-0.00203503  0.99999267]
 [-0.00203086  0.99999976]
 [-0.00201902  0.99999279]
 [-0.00201491  0.99999977]
 [-0.00200328  0.99999291]
 [-0.00199923  0.99999978]
 [-0.00198782  0.99999303]
 [-0.00198383  0.99999978]
 [-0.00197257  0.99999313]
 [-0.00196865  0.99999978]
 [-0.00195753  0.99999322]
 [-0.00195366  0.99999979]
 [-0.00194275  0.99999334]
 [-0.00193894  0.99999979]
 [-0.0019282   0.99999344]
 [-0.00192444  0.99999979]
 [-0.00191386  0.99999353]
 [-0.00191016  0.99999979]
 [-0.00189968  0.99999361]
 [-0.00189604  0.99999979]
 [-0.00188572  0.99999371]
 [-0.00188214  0.9999998 ]
 [-0.00187198  0.99999381]
 [-0.00186845  0.9999998 ]
 [-0.00185845  0.9999939 ]
 [-0.00185496  0.9999998 ]
 [-0.0018451   0.99999398]
 [-0.00184167  0.9999998 ]
 [-0.00183191  0.99999406]
 [-0.00182852  0.99999981]
 [-0.00181891  0.99999414]
 [-0.00181557  0.99999981]
 [-0.00180613  0.99999424]
 [-0.00180283  0.99999982]
 [-0.00179354  0.99999432]
 [-0.00179029  0.99999982]
 [-0.00178113  0.9999944 ]
 [-0.00177792  0.99999982]
 [-0.0017689   0.99999448]
 [-0.00176574  0.99999983]
 [-0.00175683  0.99999455]
 [-0.00175371  0.99999983]
 [-0.00174492  0.99999463]
 [-0.00174185  0.99999983]
 [-0.0017332   0.99999471]
 [-0.00173016  0.99999984]
 [-0.00172164  0.99999478]
 [-0.00171864  0.99999984]
 [-0.00171028  0.99999486]
 [-0.00170731  0.99999985]
 [-0.00169906  0.99999493]
 [-0.00169613  0.99999984]
 [-0.00168794  0.99999498]]","[[-0.5         0.5       ]
 [-0.35566243  0.78867513]
 [-0.25536638  0.98702359]
 ...
 [-0.00182598  0.99999833]
 [-0.00182588  0.99999833]
 [-0.00182577  0.99999833]]"
2,"[[-0.25       -0.5       ]
 [-0.328125   -0.84375   ]
 [-0.22582626 -0.99597931]
 [-0.13962574 -0.9531798 ]
 [-0.1204292  -1.02176387]
 [-0.10602897 -0.99187493]
 [-0.07335053 -1.00167859]
 [-0.06463898 -0.99292362]
 [-0.05901319 -1.00277788]
 [-0.05325552 -0.99370672]
 [-0.04951845 -1.00335641]
 [-0.04538594 -0.99414945]
 [-0.04405904 -0.99892484]
 [-0.03825377 -0.99934032]
 [-0.03385267 -0.99905166]
 [-0.03046542 -1.00054981]
 [-0.02901142 -0.99852063]
 [-0.02781028 -1.00063239]
 [-0.02659347 -0.99859251]
 [-0.02558865 -1.00069533]
 [-0.02455413 -0.99864798]
 [-0.02370132 -1.00074444]
 [-0.02281008 -0.99869172]
 [-0.0220774  -1.00078353]
 [-0.02130091 -0.99872684]
 [-0.02098289 -0.99977099]
 [-0.01966278 -0.99980634]
 [-0.01850294 -0.99980765]
 [-0.01747742 -0.99989225]
 [-0.0165579  -0.99971234]
 [-0.01574538 -1.00031432]
 [-0.0153597  -0.99943738]
 [-0.01501947 -1.00032588]
 [-0.01466792 -0.99944814]
 [-0.01435822 -1.00033591]
 [-0.01403638 -0.99945752]
 [-0.01389484 -0.9999011 ]
 [-0.01331577 -0.99991054]
 [-0.01278389 -0.99991374]
 [-0.01229384 -0.99993189]
 [-0.01184005 -0.99990203]
 [-0.01142081 -1.00001349]
 [-0.01102591 -0.99969865]
 [-0.01084886 -1.00017955]
 [-0.01066714 -0.99970264]
 [-0.01050159 -1.00018334]
 [-0.01033115 -0.99970625]
 [-0.01025359 -0.99994652]
 [-0.00993822 -0.99995016]
 [-0.00964193 -0.99995197]
 [-0.00936309 -0.99995815]
 [-0.00910001 -0.99995022]
 [-0.00885189 -0.9999837 ]
 [-0.00861601 -0.99989218]
 [-0.00850587 -1.00003356]
 [-0.00839616 -0.99989408]
 [-0.0082916  -1.0000354 ]
 [-0.00818732 -0.99989585]
 [-0.00808793 -1.0000371 ]
 [-0.00798868 -0.99989748]
 [-0.00789408 -1.00003867]
 [-0.0077995  -0.999899  ]
 [-0.00770935 -1.00004014]
 [-0.00761912 -0.99990042]
 [-0.00753312 -1.00004151]
 [-0.00744695 -0.99990174]
 [-0.00736481 -1.00004278]
 [-0.00728242 -0.99990297]
 [-0.0072039  -1.00004397]
 [-0.00712505 -0.99990412]
 [-0.0070499  -1.00004509]
 [-0.00697436 -0.9999052 ]
 [-0.00690238 -1.00004613]
 [-0.00682995 -0.99990622]
 [-0.00676094 -1.00004711]
 [-0.00669143 -0.99990717]
 [-0.00662521 -1.00004804]
 [-0.00655845 -0.99990806]
 [-0.00649485 -1.0000489 ]
 [-0.00643067 -0.9999089 ]
 [-0.00636954 -1.00004972]
 [-0.00630779 -0.9999097 ]
 [-0.006249   -1.00005049]
 [-0.00618955 -0.99991045]
 [-0.00613295 -1.00005122]
 [-0.00607567 -0.99991116]
 [-0.00602116 -1.00005191]
 [-0.00596593 -0.99991183]
 [-0.00591339 -1.00005256]
 [-0.0058601  -0.99991246]
 [-0.00580942 -1.00005318]
 [-0.00575798 -0.99991306]
 [-0.00570906 -1.00005376]
 [-0.00565937 -0.99991363]
 [-0.00561212 -1.00005432]
 [-0.00556409 -0.99991417]
 [-0.00554126 -0.99998451]
 [-0.00544915 -0.99998506]
 [-0.00536007 -0.99998544]
 [-0.00527389 -0.9999862 ]
 [-0.00519044 -0.99998576]
 [-0.00510963 -0.99998885]
 [-0.00503127 -0.99998124]
 [-0.00495545 -1.00000564]
 [-0.00491844 -0.9999698 ]
 [-0.00488233 -1.000006  ]
 [-0.0048464  -0.99997016]
 [-0.00481134 -1.00000635]
 [-0.00477645 -0.9999705 ]
 [-0.0047424  -1.00000668]
 [-0.00470849 -0.99997083]
 [-0.00467541 -1.000007  ]
 [-0.00464245 -0.99997114]
 [-0.00461029 -1.00000731]
 [-0.00457824 -0.99997144]
 [-0.00454697 -1.0000076 ]
 [-0.00451579 -0.99997172]
 [-0.00448537 -1.00000788]
 [-0.00445503 -0.999972  ]
 [-0.00442542 -1.00000815]
 [-0.00439588 -0.99997226]
 [-0.00436706 -1.00000841]
 [-0.00433829 -0.99997252]
 [-0.00431022 -1.00000866]
 [-0.0042822  -0.99997276]
 [-0.00425485 -1.0000089 ]
 [-0.00422754 -0.999973  ]
 [-0.00420088 -1.00000913]
 [-0.00417426 -0.99997322]
 [-0.00414827 -1.00000935]
 [-0.00412231 -0.99997344]
 [-0.00409697 -1.00000957]
 [-0.00407165 -0.99997365]
 [-0.00404693 -1.00000977]
 [-0.00402221 -0.99997385]
 [-0.00399809 -1.00000997]
 [-0.00397397 -0.99997405]
 [-0.00395043 -1.00001016]
 [-0.00392688 -0.99997423]
 [-0.00390389 -1.00001034]
 [-0.00388089 -0.99997441]
 [-0.00385843 -1.00001052]
 [-0.00383596 -0.99997459]
 [-0.00381403 -1.00001069]
 [-0.00379207 -0.99997476]
 [-0.00377064 -1.00001086]
 [-0.00374918 -0.99997492]
 [-0.00372823 -1.00001102]
 [-0.00370725 -0.99997508]
 [-0.00368676 -1.00001118]
 [-0.00366624 -0.99997523]
 [-0.00364621 -1.00001133]
 [-0.00362614 -0.99997538]
 [-0.00360655 -1.00001147]
 [-0.00358691 -0.99997552]
 [-0.00356774 -1.00001161]
 [-0.00354852 -0.99997566]
 [-0.00352976 -1.00001175]
 [-0.00351094 -0.99997579]
 [-0.00349258 -1.00001188]
 [-0.00347415 -0.99997592]
 [-0.00345618 -1.00001201]
 [-0.00343813 -0.99997605]
 [-0.00342053 -1.00001213]
 [-0.00340285 -0.99997617]
 [-0.00338561 -1.00001225]
 [-0.00336829 -0.99997629]
 [-0.00335139 -1.00001237]
 [-0.00333443 -0.9999764 ]
 [-0.00331787 -1.00001248]
 [-0.00330124 -0.99997651]
 [-0.00328501 -1.00001259]
 [-0.0032687  -0.99997662]
 [-0.0032528  -1.00001269]
 [-0.00323681 -0.99997673]
 [-0.00322121 -1.0000128 ]
 [-0.00320553 -0.99997683]
 [-0.00319023 -1.0000129 ]
 [-0.00317485 -0.99997693]
 [-0.00315984 -1.00001299]
 [-0.00314475 -0.99997702]
 [-0.00313003 -1.00001309]
 [-0.00311522 -0.99997711]
 [-0.00310078 -1.00001318]
 [-0.00308625 -0.9999772 ]
 [-0.00307207 -1.00001327]
 [-0.0030578  -0.99997729]
 [-0.00304389 -1.00001336]
 [-0.00302988 -0.99997738]
 [-0.00301622 -1.00001344]
 [-0.00300246 -0.99997746]
 [-0.00298905 -1.00001352]
 [-0.00297554 -0.99997754]
 [-0.00296237 -1.0000136 ]
 [-0.0029491  -0.99997762]
 [-0.00293616 -1.00001368]
 [-0.00292312 -0.9999777 ]
 [-0.00291041 -1.00001376]
 [-0.0028976  -0.99997777]
 [-0.00288511 -1.00001383]
 [-0.00287252 -0.99997785]
 [-0.00286025 -1.0000139 ]
 [-0.00284787 -0.99997792]
 [-0.00283581 -1.00001397]
 [-0.00282364 -0.99997799]
 [-0.00281772 -0.99999601]
 [-0.0027939  -0.99999608]
 [-0.00277048 -0.99999614]
 [-0.00274745 -0.99999622]
 [-0.00272481 -0.99999623]
 [-0.00270253 -0.99999647]
 [-0.00268062 -0.999996  ]
 [-0.00265907 -0.99999764]
 [-0.00263784 -0.99999294]
 [-0.00261701 -1.00000725]
 [-0.00260668 -0.9999859 ]
 [-0.00259654 -1.00000731]
 [-0.00258637 -0.99998595]
 [-0.00257639 -1.00000736]
 [-0.00256638 -0.999986  ]
 [-0.00255656 -1.00000741]
 [-0.0025467  -0.99998605]
 [-0.00253703 -1.00000746]
 [-0.00252732 -0.9999861 ]
 [-0.00251779 -1.00000751]
 [-0.00250823 -0.99998615]
 [-0.00249884 -1.00000756]
 [-0.00248942 -0.9999862 ]
 [-0.00248018 -1.0000076 ]
 [-0.0024709  -0.99998625]
 [-0.0024618  -1.00000765]
 [-0.00245265 -0.99998629]
 [-0.00244368 -1.00000769]
 [-0.00243467 -0.99998633]
 [-0.00242583 -1.00000774]
 [-0.00241695 -0.99998638]
 [-0.00240824 -1.00000778]
 [-0.00239949 -0.99998642]
 [-0.00239091 -1.00000782]
 [-0.00238228 -0.99998646]
 [-0.00237382 -1.00000786]
 [-0.00236532 -0.9999865 ]
 [-0.00235697 -1.0000079 ]
 [-0.00234859 -0.99998654]
 [-0.00234037 -1.00000794]
 [-0.0023321  -0.99998658]
 [-0.00232399 -1.00000798]
 [-0.00231584 -0.99998662]
 [-0.00230785 -1.00000802]
 [-0.00229981 -0.99998666]
 [-0.00229192 -1.00000805]
 [-0.002284   -0.99998669]
 [-0.00227622 -1.00000809]
 [-0.0022684  -0.99998673]
 [-0.00226073 -1.00000813]
 [-0.00225301 -0.99998676]
 [-0.00224545 -1.00000816]
 [-0.00223784 -0.9999868 ]
 [-0.00223037 -1.00000819]
 [-0.00222286 -0.99998683]
 [-0.0022155  -1.00000823]
 [-0.00220809 -0.99998686]
 [-0.00220082 -1.00000826]
 [-0.00219351 -0.9999869 ]
 [-0.00218634 -1.00000829]
 [-0.00217912 -0.99998693]
 [-0.00217559 -0.99999763]
 [-0.00216139 -0.99999766]
 [-0.00214737 -0.99999769]
 [-0.00213354 -0.99999772]
 [-0.00211988 -0.99999773]
 [-0.0021064  -0.99999782]
 [-0.00209309 -0.99999766]
 [-0.00207995 -0.99999825]
 [-0.00206696 -0.99999661]
 [-0.00205416 -1.00000163]
 [-0.00204781 -0.99999415]
 [-0.00204154 -1.00000166]
 [-0.00203527 -0.99999418]
 [-0.00202907 -1.00000168]
 [-0.00202288 -0.9999942 ]
 [-0.00201676 -1.00000171]
 [-0.00201064 -0.99999423]
 [-0.00200459 -1.00000173]
 [-0.00199855 -0.99999425]
 [-0.00199257 -1.00000176]
 [-0.0019866  -0.99999427]
 [-0.0019807  -1.00000178]
 [-0.0019748  -0.9999943 ]
 [-0.00196896 -1.0000018 ]
 [-0.00196313 -0.99999432]
 [-0.00195737 -1.00000182]
 [-0.00195161 -0.99999434]
 [-0.00194591 -1.00000185]
 [-0.00194021 -0.99999437]
 [-0.00193458 -1.00000187]
 [-0.00192895 -0.99999439]
 [-0.00192339 -1.00000189]
 [-0.00191782 -0.99999441]
 [-0.00191232 -1.00000191]
 [-0.00190682 -0.99999443]
 [-0.00190138 -1.00000193]
 [-0.00189594 -0.99999445]
 [-0.00189057 -1.00000195]
 [-0.00188519 -0.99999447]
 [-0.00187987 -1.00000197]
 [-0.00187456 -0.99999449]
 [-0.0018693  -1.00000199]
 [-0.00186405 -0.99999451]
 [-0.00185885 -1.00000201]
 [-0.00185365 -0.99999453]
 [-0.00184851 -1.00000203]
 [-0.00184337 -0.99999455]
 [-0.00183829 -1.00000205]
 [-0.00183321 -0.99999457]
 [-0.00182818 -1.00000207]
 [-0.00182315 -0.99999459]
 [-0.00181818 -1.00000209]
 [-0.00181321 -0.99999461]
 [-0.00180829 -1.00000211]
 [-0.00180337 -0.99999462]
 [-0.00179851 -1.00000212]
 [-0.00179364 -0.99999464]
 [-0.00178883 -1.00000214]
 [-0.00178401 -0.99999466]
 [-0.00177925 -1.00000216]
 [-0.00177449 -0.99999467]
 [-0.00176978 -1.00000218]
 [-0.00176507 -0.99999469]
 [-0.00176041 -1.00000219]
 [-0.00175575 -0.99999471]
 [-0.00175114 -1.00000221]
 [-0.00174652 -0.99999472]
 [-0.00174196 -1.00000223]
 [-0.0017374  -0.99999474]
 [-0.00173288 -1.00000224]
 [-0.00172837 -0.99999476]
 [-0.0017239  -1.00000226]
 [-0.00171943 -0.99999477]
 [-0.001715   -1.00000227]
 [-0.00171058 -0.99999479]
 [-0.0017062  -1.00000229]
 [-0.00170182 -0.9999948 ]
 [-0.00169749 -1.0000023 ]
 [-0.00169316 -0.99999482]
 [-0.00168887 -1.00000232]
 [-0.00168458 -0.99999483]
 [-0.00168033 -1.00000233]
 [-0.00167609 -0.99999485]
 [-0.00167189 -1.00000235]
 [-0.00166768 -0.99999486]
 [-0.00166352 -1.00000236]
 [-0.00165936 -0.99999487]
 [-0.00165524 -1.00000237]
 [-0.00165112 -0.99999489]
 [-0.00164704 -1.00000239]
 [-0.00164296 -0.9999949 ]
 [-0.00163892 -1.0000024 ]
 [-0.00163488 -0.99999491]
 [-0.00163088 -1.00000241]
 [-0.00162688 -0.99999493]
 [-0.00162292 -1.00000243]
 [-0.00161896 -0.99999494]
 [-0.00161504 -1.00000244]
 [-0.00161112 -0.99999495]
 [-0.00160724 -1.00000245]
 [-0.00160335 -0.99999497]
 [-0.0015995  -1.00000246]
 [-0.00159565 -0.99999498]
 [-0.00159185 -1.00000248]
 [-0.00158803 -0.99999499]
 [-0.00158426 -1.00000249]
 [-0.00158049 -0.999995  ]
 [-0.00157675 -1.0000025 ]
 [-0.00157301 -0.99999501]
 [-0.00156931 -1.00000251]
 [-0.0015656  -0.99999503]
 [-0.00156194 -1.00000252]
 [-0.00155827 -0.99999504]
 [-0.00155464 -1.00000253]
 [-0.001551   -0.99999505]
 [-0.0015474  -1.00000255]
 [-0.0015438  -0.99999506]
 [-0.00154024 -1.00000256]
 [-0.00153667 -0.99999507]
 [-0.00153314 -1.00000257]
 [-0.0015296  -0.99999508]
 [-0.0015261  -1.00000258]
 [-0.0015226  -0.99999509]
 [-0.00151913 -1.00000259]
 [-0.00151566 -0.9999951 ]
 [-0.00151222 -1.0000026 ]
 [-0.00150878 -0.99999511]
 [-0.00150538 -1.00000261]
 [-0.00150197 -0.99999512]
 [-0.00149859 -1.00000262]
 [-0.00149521 -0.99999513]
 [-0.00149187 -1.00000263]
 [-0.00148852 -0.99999514]
 [-0.00148521 -1.00000264]
 [-0.00148189 -0.99999515]
 [-0.00147861 -1.00000265]
 [-0.00147532 -0.99999516]
 [-0.00147206 -1.00000266]
 [-0.0014688  -0.99999517]
 [-0.00146558 -1.00000267]
 [-0.00146234 -0.99999518]
 [-0.00145915 -1.00000268]
 [-0.00145594 -0.99999519]
 [-0.00145277 -1.00000269]
 [-0.0014496  -0.9999952 ]
 [-0.00144646 -1.0000027 ]
 [-0.00144331 -0.99999521]
 [-0.00144019 -1.00000271]
 [-0.00143707 -0.99999522]
 [-0.00143398 -1.00000272]
 [-0.00143089 -0.99999523]
 [-0.00142783 -1.00000272]
 [-0.00142476 -0.99999524]
 [-0.00142172 -1.00000273]
 [-0.00141868 -0.99999525]
 [-0.00141567 -1.00000274]
 [-0.00141266 -0.99999525]
 [-0.00140967 -1.00000275]
 [-0.00140668 -0.99999526]
 [-0.00140372 -1.00000276]
 [-0.00140076 -0.99999527]
 [-0.00139783 -1.00000277]
 [-0.00139488 -0.99999528]
 [-0.00139198 -1.00000278]
 [-0.00138906 -0.99999529]
 [-0.00138618 -1.00000278]
 [-0.00138328 -0.99999529]
 [-0.00138042 -1.00000279]
 [-0.00137755 -0.9999953 ]
 [-0.00137472 -1.0000028 ]
 [-0.00137187 -0.99999531]
 [-0.00136906 -1.00000281]
 [-0.00136624 -0.99999532]
 [-0.00136345 -1.00000281]
 [-0.00136065 -0.99999533]
 [-0.00135788 -1.00000282]
 [-0.00135511 -0.99999533]
 [-0.00135236 -1.00000283]
 [-0.00134961 -0.99999534]
 [-0.00134689 -1.00000284]
 [-0.00134416 -0.99999535]
 [-0.00134146 -1.00000284]
 [-0.00133875 -0.99999536]
 [-0.00133607 -1.00000285]
 [-0.00133338 -0.99999536]
 [-0.00133072 -1.00000286]
 [-0.00132806 -0.99999537]
 [-0.00132542 -1.00000287]
 [-0.00132278 -0.99999538]
 [-0.00132016 -1.00000287]
 [-0.00131754 -0.99999538]
 [-0.00131494 -1.00000288]
 [-0.00131234 -0.99999539]
 [-0.00130977 -1.00000289]
 [-0.00130718 -0.9999954 ]
 [-0.00130463 -1.00000289]
 [-0.00130207 -0.9999954 ]
 [-0.00129953 -1.0000029 ]
 [-0.00129699 -0.99999541]
 [-0.00129448 -1.00000291]
 [-0.00129195 -0.99999542]
 [-0.00128946 -1.00000291]]","[[-0.25       -0.5       ]
 [-0.34471939 -0.91676531]
 [-0.01629215 -0.99140814]
 [-0.01622946 -0.99986976]
 [-0.01543918 -0.99986388]
 [-0.01472512 -0.99993156]
 [-0.01407228 -0.99977165]
 [-0.01373511 -1.00006877]
 [-0.01348957 -0.99979012]
 [-0.01317965 -1.00006322]
 [-0.01295335 -0.99980642]
 [-0.01266751 -1.00005832]
 [-0.01245828 -0.99982089]
 [-0.0121938  -1.00005396]
 [-0.01199977 -0.99983379]
 [-0.01175435 -1.00005008]
 [-0.01157392 -0.99984535]
 [-0.01134556 -1.00004661]
 [-0.01117735 -0.99985574]
 [-0.01096432 -1.00004348]
 [-0.01080713 -0.99986511]
 [-0.01060793 -1.00004066]
 [-0.01046071 -0.9998736 ]
 [-0.01027404 -1.00003811]
 [-0.01013586 -0.99988131]
 [-0.00996058 -1.00003579]
 [-0.00983063 -0.99988833]
 [-0.00966573 -1.00003367]
 [-0.00954329 -0.99989475]
 [-0.00938788 -1.00003173]
 [-0.00927232 -0.99990062]
 [-0.00912559 -1.00002996]
 [-0.00901635 -0.99990602]
 [-0.00887759 -1.00002834]
 [-0.00877416 -0.99991099]
 [-0.00864275 -1.00002684]
 [-0.00854468 -0.99991558]
 [-0.00842004 -1.00002545]
 [-0.00832691 -0.99991981]
 [-0.00820854 -1.00002417]
 [-0.00812    -0.99992374]
 [-0.00800742 -1.00002299]
 [-0.00792314 -0.99992738]
 [-0.00781596 -1.00002188]
 [-0.00773562 -0.99993077]
 [-0.00763346 -1.00002086]
 [-0.0075568  -0.99993392]
 [-0.0074593  -1.00001991]
 [-0.00738608 -0.99993688]
 [-0.00729291 -1.00001903]
 [-0.00722291 -0.99993963]
 [-0.00713379 -1.0000182 ]
 [-0.0070668  -0.99994221]
 [-0.00698148 -1.00001743]
 [-0.0069173  -0.99994462]
 [-0.00683555 -1.0000167 ]
 [-0.00677401 -0.99994689]
 [-0.00669562 -1.00001601]
 [-0.00663655 -0.99994902]
 [-0.0065613  -1.00001537]
 [-0.00650457 -0.99995102]
 [-0.00643227 -1.00001477]
 [-0.00637774 -0.99995291]
 [-0.00630824 -1.00001419]
 [-0.00625577 -0.99995468]
 [-0.00618892 -1.00001365]
 [-0.00613839 -0.99995636]
 [-0.00607403 -1.00001314]
 [-0.00602535 -0.99995796]
 [-0.00596333 -1.00001267]
 [-0.0059164  -0.99995946]
 [-0.0058566  -1.00001221]
 [-0.00581133 -0.99996089]
 [-0.00575362 -1.00001179]
 [-0.00570992 -0.99996224]
 [-0.00565422 -1.00001137]
 [-0.00561201 -0.99996352]
 [-0.00555819 -1.00001099]
 [-0.00551739 -0.99996474]
 [-0.00546537 -1.00001063]
 [-0.00542592 -0.9999659 ]
 [-0.0053756  -1.00001027]
 [-0.00533744 -0.999967  ]
 [-0.00528874 -1.00000995]
 [-0.00525179 -0.99996805]
 [-0.00520465 -1.00000963]
 [-0.00516885 -0.99996904]
 [-0.0051232  -1.00000932]
 [-0.00508851 -0.99997   ]
 [-0.00504425 -1.00000904]
 [-0.00501062 -0.99997091]
 [-0.00496771 -1.00000876]
 [-0.00493508 -0.99997178]
 [-0.00489346 -1.0000085 ]
 [-0.00486179 -0.99997261]
 [-0.0048214  -1.00000824]
 [-0.00479065 -0.9999734 ]
 [-0.00475144 -1.00000801]
 [-0.00472158 -0.99997416]
 [-0.00468347 -1.00000778]
 [-0.00465446 -0.99997489]
 [-0.00461742 -1.00000756]
 [-0.00458922 -0.99997559]
 [-0.00455322 -1.00000735]
 [-0.00452579 -0.99997626]
 [-0.00449077 -1.00000715]
 [-0.0044641  -0.99997691]
 [-0.00443001 -1.00000697]
 [-0.00440405 -0.99997752]
 [-0.00437088 -1.00000678]
 [-0.0043456  -0.99997811]
 [-0.00431331 -1.0000066 ]
 [-0.00428869 -0.99997868]
 [-0.00425724 -1.00000642]
 [-0.00423325 -0.99997923]
 [-0.00420261 -1.00000626]
 [-0.00417923 -0.99997975]
 [-0.00414936 -1.0000061 ]
 [-0.00412657 -0.99998026]
 [-0.00409745 -1.00000595]
 [-0.00407522 -0.99998075]
 [-0.00404682 -1.0000058 ]
 [-0.00402514 -0.99998122]
 [-0.00399744 -1.00000565]
 [-0.00397627 -0.99998167]
 [-0.00394924 -1.00000552]
 [-0.00392858 -0.9999821 ]
 [-0.00390219 -1.00000539]
 [-0.00388202 -0.99998252]
 [-0.00385626 -1.00000526]
 [-0.00383655 -0.99998293]
 [-0.0038114  -1.00000514]
 [-0.00379215 -0.99998332]
 [-0.00376757 -1.00000501]
 [-0.00374875 -0.9999837 ]
 [-0.00372474 -1.0000049 ]
 [-0.00370635 -0.99998407]
 [-0.00368286 -1.0000048 ]
 [-0.00366489 -0.99998443]
 [-0.00364192 -1.00000469]
 [-0.00362434 -0.99998477]
 [-0.00360187 -1.00000459]
 [-0.00358468 -0.9999851 ]
 [-0.0035627  -1.00000449]
 [-0.00354588 -0.99998542]
 [-0.00352437 -1.0000044 ]
 [-0.00350791 -0.99998573]
 [-0.00348685 -1.0000043 ]
 [-0.00347074 -0.99998603]
 [-0.00345013 -1.00000421]
 [-0.00343435 -0.99998632]
 [-0.00341417 -1.00000412]
 [-0.00339872 -0.99998661]
 [-0.00337896 -1.00000404]
 [-0.00336383 -0.99998688]
 [-0.00334445 -1.00000396]
 [-0.00332964 -0.99998715]
 [-0.00331064 -1.00000389]
 [-0.00329613 -0.99998741]
 [-0.0032775  -1.00000382]
 [-0.00326328 -0.99998766]
 [-0.00324501 -1.00000375]
 [-0.00323108 -0.99998791]
 [-0.00321316 -1.00000368]
 [-0.00319951 -0.99998815]
 [-0.00318192 -1.00000361]
 [-0.00316854 -0.99998838]
 [-0.00315129 -1.00000354]
 [-0.00313817 -0.9999886 ]
 [-0.00312125 -1.00000347]
 [-0.00310837 -0.99998882]
 [-0.00309177 -1.0000034 ]
 [-0.00307913 -0.99998902]
 [-0.00306284 -1.00000335]
 [-0.00305044 -0.99998923]
 [-0.00303445 -1.00000328]
 [-0.00302228 -0.99998943]
 [-0.00300658 -1.00000322]
 [-0.00299462 -0.99998962]
 [-0.00297923 -1.00000316]
 [-0.00296748 -0.9999898 ]
 [-0.00295237 -1.0000031 ]
 [-0.00294083 -0.99998999]
 [-0.00292598 -1.00000304]
 [-0.00291465 -0.99999016]
 [-0.00290007 -1.00000299]
 [-0.00288894 -0.99999033]
 [-0.00287461 -1.00000294]
 [-0.00286368 -0.9999905 ]
 [-0.00284959 -1.00000289]
 [-0.00283885 -0.99999066]
 [-0.00282501 -1.00000284]
 [-0.00281445 -0.99999083]
 [-0.00280085 -1.00000279]
 [-0.00279047 -0.99999098]
 [-0.00277709 -1.00000275]
 [-0.00276689 -0.99999114]
 [-0.00275372 -1.00000271]
 [-0.0027437  -0.99999129]
 [-0.00273075 -1.00000266]
 [-0.00272089 -0.99999143]
 [-0.00270817 -1.00000261]
 [-0.00269846 -0.99999157]
 [-0.00268595 -1.00000257]
 [-0.00267641 -0.99999171]
 [-0.00266409 -1.00000254]
 [-0.00265471 -0.99999185]
 [-0.00264258 -1.00000249]
 [-0.00263334 -0.99999197]
 [-0.00262143 -1.00000245]
 [-0.00261233 -0.9999921 ]
 [-0.0026006  -1.00000241]
 [-0.00259166 -0.99999223]
 [-0.0025801  -1.00000237]
 [-0.0025713  -0.99999235]
 [-0.00255992 -1.00000234]
 [-0.00255126 -0.99999247]
 [-0.00254006 -1.0000023 ]
 [-0.00253153 -0.99999258]
 [-0.00252051 -1.00000226]
 [-0.0025121  -0.99999269]
 [-0.00250125 -1.00000223]
 [-0.00249297 -0.9999928 ]
 [-0.00248229 -1.00000219]
 [-0.00247413 -0.99999291]
 [-0.00246363 -1.00000215]
 [-0.00245558 -0.99999301]
 [-0.00244524 -1.00000212]
 [-0.00243732 -0.99999312]
 [-0.00242712 -1.00000209]
 [-0.00241932 -0.99999322]
 [-0.00240927 -1.00000206]
 [-0.00240158 -0.99999332]
 [-0.00239167 -1.00000204]
 [-0.00238409 -0.99999342]
 [-0.00237433 -1.00000201]
 [-0.00236687 -0.99999351]
 [-0.00235724 -1.00000198]
 [-0.00234988 -0.9999936 ]
 [-0.0023404  -1.00000194]
 [-0.00233314 -0.99999369]
 [-0.0023238  -1.00000191]
 [-0.00231664 -0.99999378]
 [-0.00230743 -1.00000189]
 [-0.00230037 -0.99999386]
 [-0.00229129 -1.00000186]
 [-0.00228433 -0.99999395]
 [-0.00227538 -1.00000183]
 [-0.00226852 -0.99999403]
 [-0.00225969 -1.00000181]
 [-0.00225292 -0.99999412]
 [-0.00224421 -1.00000179]
 [-0.00223753 -0.9999942 ]
 [-0.00222895 -1.00000175]
 [-0.00222236 -0.99999428]
 [-0.00221388 -1.00000174]
 [-0.00220738 -0.99999435]
 [-0.00219903 -1.00000171]
 [-0.00219261 -0.99999443]
 [-0.00218436 -1.0000017 ]
 [-0.00217804 -0.99999451]
 [-0.00216988 -1.00000168]
 [-0.00216365 -0.99999458]
 [-0.00215558 -1.00000167]
 [-0.00214945 -0.99999466]
 [-0.00214149 -1.00000164]
 [-0.00213542 -0.99999472]
 [-0.00212758 -1.00000161]
 [-0.00212158 -0.99999479]
 [-0.00211385 -1.00000159]
 [-0.00210793 -0.99999485]
 [-0.0021003  -1.00000157]
 [-0.00209445 -0.99999492]
 [-0.00208691 -1.00000155]
 [-0.00208114 -0.99999498]
 [-0.00207371 -1.00000152]
 [-0.00206801 -0.99999505]
 [-0.00206066 -1.00000151]
 [-0.00205503 -0.99999511]
 [-0.00204778 -1.00000149]
 [-0.00204222 -0.99999517]
 [-0.00203506 -1.00000147]
 [-0.00202957 -0.99999523]
 [-0.00202248 -1.00000146]
 [-0.00201707 -0.99999529]
 [-0.00201006 -1.00000145]
 [-0.00200472 -0.99999535]
 [-0.0019978  -1.00000142]
 [-0.00199251 -0.9999954 ]
 [-0.00198569 -1.00000141]
 [-0.00198047 -0.99999546]
 [-0.00197371 -1.00000139]
 [-0.00196856 -0.99999551]
 [-0.0019619  -1.00000137]
 [-0.00195679 -0.99999556]
 [-0.00195021 -1.00000136]
 [-0.00194518 -0.99999562]
 [-0.00193866 -1.00000134]
 [-0.00193369 -0.99999567]
 [-0.00192725 -1.00000133]
 [-0.00192233 -0.99999572]
 [-0.00191597 -1.00000131]
 [-0.00191111 -0.99999577]
 [-0.00190482 -1.0000013 ]
 [-0.00190002 -0.99999583]
 [-0.00189379 -1.00000128]
 [-0.00188906 -0.99999587]
 [-0.0018829  -1.00000126]
 [-0.00187821 -0.99999592]
 [-0.00187215 -1.00000124]
 [-0.0018675  -0.99999596]
 [-0.00186151 -1.00000123]
 [-0.00185691 -0.999996  ]
 [-0.00185099 -1.00000122]
 [-0.00184645 -0.99999605]
 [-0.0018406  -1.0000012 ]
 [-0.0018361  -0.99999609]
 [-0.00183031 -1.00000119]
 [-0.00182587 -0.99999614]
 [-0.00182014 -1.00000118]
 [-0.00181575 -0.99999618]
 [-0.00181008 -1.00000117]
 [-0.00180574 -0.99999622]
 [-0.00180013 -1.00000115]
 [-0.00179584 -0.99999626]
 [-0.0017903  -1.00000114]
 [-0.00178605 -0.99999631]
 [-0.00178056 -1.00000113]
 [-0.00177636 -0.99999634]
 [-0.00177094 -1.00000111]
 [-0.00176678 -0.99999638]
 [-0.00176142 -1.0000011 ]
 [-0.0017573  -0.99999642]
 [-0.001752   -1.00000109]
 [-0.00174793 -0.99999646]
 [-0.00174268 -1.00000108]
 [-0.00173865 -0.9999965 ]
 [-0.00173347 -1.00000106]
 [-0.00172947 -0.99999653]
 [-0.00172436 -1.00000104]
 [-0.0017204  -0.99999656]
 [-0.00171534 -1.00000103]
 [-0.00171142 -0.99999659]
 [-0.00170643 -1.00000101]
 [-0.00170254 -0.99999662]
 [-0.00169762 -1.000001  ]
 [-0.00169375 -0.99999665]
 [-0.0016889  -1.00000098]
 [-0.00168507 -0.99999668]
 [-0.00168027 -1.00000096]
 [-0.00167648 -0.99999671]
 [-0.00167173 -1.00000096]
 [-0.00166798 -0.99999675]
 [-0.00166327 -1.00000095]
 [-0.00165956 -0.99999679]
 [-0.0016549  -1.00000094]
 [-0.00165122 -0.99999681]
 [-0.00164661 -1.00000093]
 [-0.00164297 -0.99999685]
 [-0.00163841 -1.00000091]
 [-0.0016348  -0.99999687]
 [-0.0016303  -1.0000009 ]
 [-0.00162671 -0.9999969 ]
 [-0.00162227 -1.00000089]
 [-0.00161871 -0.99999693]
 [-0.00161432 -1.00000088]
 [-0.0016108  -0.99999696]
 [-0.00160644 -1.00000087]
 [-0.00160295 -0.99999699]
 [-0.00159864 -1.00000086]
 [-0.00159519 -0.99999701]
 [-0.00159092 -1.00000085]
 [-0.0015875  -0.99999705]
 [-0.00158326 -1.00000086]
 [-0.00157989 -0.99999708]
 [-0.00157567 -1.00000085]]","[[-0.25       -0.5       ]
 [-0.34021098 -0.89692831]
 [-0.19373642 -0.96848175]
 ...
 [-0.00182599 -0.99999833]
 [-0.00182588 -0.99999833]
 [-0.00182577 -0.99999833]]"
3,"[[ 5.00000000e-01 -5.00000000e-01]
 [ 1.75000000e+00 -1.00000000e+00]
 [ 1.36718750e+00  5.31250000e-01]
 [ 1.98197961e+00  2.25401878e-01]
 [ 1.97595463e+00 -1.10339762e-01]
 [ 2.02274562e+00  5.05671429e-02]
 [ 1.99243556e+00  1.14527388e-02]
 [ 2.00176151e+00  2.94927887e-03]
 [ 1.99955178e+00  7.32115832e-04]
 [ 2.00011156e+00  1.83356972e-04]
 [ 1.99997208e+00  4.58187854e-05]
 [ 2.00000698e+00  1.14559756e-05]
 [ 1.99999826e+00  2.86391239e-06]]","[[ 5.00000000e-01 -5.00000000e-01]
 [ 1.39370009e+00 -8.57480034e-01]
 [ 1.79444782e+00  1.44388795e-01]
 [ 2.01250784e+00  5.71651514e-02]
 [ 1.99182578e+00  5.46093330e-03]
 [ 2.00047844e+00  1.99983727e-03]
 [ 1.99974621e+00  1.69179904e-04]
 [ 2.00001482e+00  6.17510913e-05]
 [ 1.99999220e+00  5.19703146e-06]
 [ 2.00000044e+00  1.90115660e-06]]","[[ 5.00000000e-01 -5.00000000e-01]
 [ 1.22168784e+00 -7.88675135e-01]
 [ 2.09886229e+00  9.03266776e-02]
 [ 1.60121730e+00 -1.85442612e-01]
 [ 2.65175641e+00  5.65590496e-02]
 [-1.47233561e+00 -2.01465568e-01]
 [ 2.08495631e+00 -2.93253430e-02]
 [ 1.77851177e+00  3.61269218e-02]
 [ 2.34470419e+00 -1.33269546e-02]
 [ 9.57999335e-01  2.28195404e-02]
 [ 1.79800269e+00  2.38961450e-02]
 [ 2.26039457e+00 -5.70780747e-03]
 [ 1.39188820e+00  6.82982174e-03]
 [ 2.21878252e+00  3.52370327e-03]
 [ 1.55887831e+00 -3.38805531e-03]
 [ 2.24563255e+00 -1.03773853e-03]
 [ 1.53169296e+00  9.40010146e-04]
 [ 2.20036516e+00  3.59435638e-04]
 [ 1.66794490e+00 -2.58081570e-04]
 [ 2.19198003e+00 -5.73596253e-05]
 [ 1.70893998e+00  3.56984617e-05]
 [ 2.16714449e+00  7.10778846e-06]
 [ 1.77273183e+00 -3.61854284e-06]
 [ 2.13899213e+00 -5.17339100e-07]
 [ 1.83125436e+00  2.08150441e-07]
 [ 2.10853466e+00  1.95975394e-08]
 [ 1.88290469e+00 -5.92824086e-09]
 [ 2.07802636e+00 -3.24723998e-10]
 [ 1.92539312e+00  6.44562864e-11]
 [ 2.05054275e+00  4.63570392e-12]
 [ 1.95708500e+00 -3.21475837e-12]
 [ 2.02893256e+00  6.50542066e-13]
 [ 1.97801328e+00 -3.15749149e-12]
 [ 2.01444580e+00  5.95747359e-13]
 [ 1.99005544e+00 -3.10499606e-12]
 [ 2.00625820e+00  5.45394762e-13]
 [ 1.99604880e+00  5.45394762e-13]
 [ 2.00235330e+00 -3.01016450e-12]
 [ 1.99862452e+00  5.00668966e-13]
 [ 2.00077000e+00 -2.96708516e-12]
 [ 1.99958104e+00  4.59137478e-13]
 [ 2.00021971e+00  4.59137478e-13]
 [ 1.99988842e+00  4.59137478e-13]
 [ 2.00005474e+00 -2.85090806e-12]
 [ 1.99997403e+00  4.22961031e-13]
 [ 2.00001191e+00 -2.81589241e-12]
 [ 1.99999472e+00  3.89045401e-13]
 [ 2.00000226e+00  3.89045401e-13]]"
4,"[[ 5.00000000e-01  1.00000000e+00]
 [ 1.00000000e+00  5.00000000e-01]
 [ 2.25000000e+00  3.75000000e-01]
 [ 1.78417969e+00 -1.90429688e-02]
 [ 2.00390576e+00 -8.64712748e-03]
 [ 1.99896892e+00 -2.12781364e-03]
 [ 2.00025431e+00 -5.34144371e-04]
 [ 1.99993621e+00 -1.33400203e-04]
 [ 2.00001593e+00 -3.33585614e-05]
 [ 1.99999602e+00 -8.33910818e-06]
 [ 2.00000100e+00 -2.08481110e-06]]","[[5.00000000e-01 1.00000000e+00]
 [9.99999783e-01 5.00000217e-01]
 [1.95875142e+00 4.04125066e-01]
 [1.91972528e+00 1.38716042e-02]
 [2.00033516e+00 5.81053409e-03]
 [1.99975817e+00 4.02885677e-05]
 [2.00000096e+00 1.60220406e-05]]","[[ 5.00000000e-01  1.00000000e+00]
 [ 7.88675135e-01  7.11324865e-01]
 [ 1.62074410e+00  6.20281306e-01]
 [ 2.22894798e+00 -4.95725256e-01]
 [ 6.44644498e-01  1.20990569e+00]
 [ 6.87297586e-01  4.05569016e-01]
 [ 1.36481147e+00  5.09709320e-01]
 [ 2.20617522e+00  1.28272113e-01]
 [ 1.40471047e+00 -1.86795499e-01]
 [ 2.33561042e+00 -7.32407187e-02]
 [ 1.04509595e+00  1.15371443e-01]
 [ 1.89270168e+00  1.08617495e-01]
 [ 2.14050048e+00 -4.19930523e-02]
 [ 1.72847586e+00  3.57156954e-02]
 [ 2.25031083e+00  1.98143508e-04]
 [ 1.49884456e+00 -1.92452932e-04]
 [ 2.20663028e+00 -7.93633018e-05]
 [ 1.64038360e+00  6.15318510e-05]
 [ 2.20504944e+00  1.50030142e-05]
 [ 1.67125692e+00 -1.02863849e-05]
 [ 2.17991941e+00 -2.42161834e-06]
 [ 1.74158430e+00  1.36751891e-06]
 [ 2.15343788e+00  2.32457848e-07]
 [ 1.80273942e+00 -1.05751613e-07]
 [ 2.12392895e+00 -1.24270449e-08]
 [ 1.85809347e+00  4.37110247e-09]
 [ 2.09310108e+00  3.21722568e-10]
 [ 1.90543086e+00 -8.23573820e-11]
 [ 2.06370315e+00 -5.33211740e-12]
 [ 1.94263636e+00  2.64396026e-12]
 [ 2.03887335e+00 -1.28127088e-12]
 [ 1.96881558e+00 -1.28127088e-12]
 [ 2.02080583e+00  2.52676267e-12]
 [ 1.98497598e+00 -1.22647618e-12]
 [ 2.00967856e+00  2.47426724e-12]
 [ 1.99362821e+00 -1.17612358e-12]
 [ 2.00390543e+00 -1.17612358e-12]
 [ 1.99762974e+00 -1.17612358e-12]
 [ 2.00136946e+00 -1.17612358e-12]
 [ 1.99922809e+00 -1.17612358e-12]
 [ 2.00041835e+00 -1.17612358e-12]
 [ 1.99978013e+00 -1.17612358e-12]
 [ 2.00011153e+00 -1.17612358e-12]
 [ 1.99994525e+00  2.13392196e-12]
 [ 2.00002597e+00 -1.13994713e-12]
 [ 1.99998809e+00  2.09890631e-12]
 [ 2.00000528e+00 -1.10603150e-12]
 [ 1.99999774e+00  2.06603428e-12]]"
